metric,pool_avg,pool_n,Premier League_avg,La Liga_avg,Serie A_avg,Bundesliga_avg,Ligue 1_avg,Premier League_n,La Liga_n,Serie A_n,Bundesliga_n,Ligue 1_n,martim_neto
age,26.5383,470,26.7778,27.1782,26.7905,26.5325,25.3814,90,101,105,77,97,23
aggression_aip,41.7107,477,53.0667,41.4951,37.5278,42.8077,35.2449,90,103,108,78,98,40
aggression_aip_p90,2.2004,477,2.3368,2.1402,1.9645,2.236,2.3701,90,103,108,78,98,2.663
aggression_aip_per_pass,0.696,477,0.7191,0.6984,0.7081,0.6674,0.6814,90,103,108,78,98,0.533
aggression_passes,57.9644,477,71.5444,56.9709,52.9815,60.1667,50.2755,90,103,108,78,98,75
build_final_third_share_pct,22.5426,314,22.4373,23.6858,22.4945,21.9375,21.8464,67,72,64,56,55,34.76
build_line_break_share_pct,3.7971,314,3.5842,3.9154,3.9263,3.9682,3.5773,67,72,64,56,55,5.44
build_prog_share_pct,9.0234,314,8.7572,9.1853,9.0962,9.4818,8.5845,67,72,64,56,55,8.73
chance_box_share_pct,2.0412,314,2.1822,1.885,1.9767,2.26,1.926,67,72,64,56,55,3.62
chance_impact_ft_share_pct,1.2742,314,1.2222,1.1975,1.3627,1.3389,1.2691,67,72,64,56,55,2.47
chance_key_share_pct,1.8398,314,1.7181,1.8853,1.8708,1.9354,1.7951,67,72,64,56,55,3.46
construction_aip,27.7883,477,31.1889,28.4951,27.8611,28.3205,23.4184,90,103,108,78,98,16
construction_aip_p90,1.4866,477,1.3965,1.5566,1.4226,1.4717,1.5781,90,103,108,78,98,1.065
construction_aip_per_pass,0.0406,477,0.0377,0.0425,0.0405,0.043,0.0397,90,103,108,78,98,0.036
construction_passes,671.652,477,786.5,664.5049,647.9444,678.6667,594.2347,90,103,108,78,98,446
crosses_completed,4.413,477,6.1111,4.3495,3.75,4.9872,3.1939,90,103,108,78,98,6
crosses_total,18.5996,477,24.3556,18.534,16.7778,18.9487,15.1122,90,103,108,78,98,20
def_aerial_won_p90,1.0364,472,1.0532,1.0381,1.0353,1.2549,0.8472,87,102,107,78,98,0.333
def_aerial_won_pct,47.4301,419,46.7351,49.4804,45.8691,46.8922,48.2578,84,92,97,73,73,38.46
def_block_p90,0.29,472,0.3447,0.2958,0.276,0.2843,0.2553,87,102,107,78,98,0.067
def_clearance_p90,1.5044,472,1.6132,1.4571,1.4464,1.7881,1.2946,87,102,107,78,98,0.865
def_err_goal_p90,0.014,472,0.0158,0.0157,0.014,0.0073,0.0162,87,102,107,78,98,0.067
def_err_shot_p90,0.0678,472,0.0758,0.0628,0.0598,0.0583,0.0825,87,102,107,78,98,0.0
def_interception_p90,0.94,472,1.0314,0.8801,0.8564,1.0004,0.9643,87,102,107,78,98,0.133
def_minutes,1627.6716,472,1911.7586,1647.8235,1642.4019,1685.4359,1292.4388,87,102,107,78,98,1352.0
def_recovery_p90,4.6561,472,4.7153,4.665,4.476,4.5068,4.9097,87,102,107,78,98,3.861
def_tackle_won_pct,57.7802,430,58.2538,57.1518,57.2398,57.3709,59.0301,82,97,98,70,83,57.14
def_won_tackle_p90,1.1418,472,1.2605,1.115,1.0773,1.0409,1.2148,87,102,107,78,98,0.799
defense_display,5.9442,472,5.9872,5.9613,5.9287,5.9438,5.9053,87,102,107,78,98,3.06
defense_idx,-0.0036,472,0.0011,0.0114,-0.0203,0.0049,-0.0119,87,102,107,78,98,-1.0576464058474797
defense_index,-0.0036,472,0.0011,0.0114,-0.0203,0.0049,-0.0119,87,102,107,78,98,-1.0576464058474797
dist_long_impact,26.2935,477,32.3889,27.068,23.2685,26.3846,23.1429,90,103,108,78,98,14
dist_long_impact_p90,1.3801,477,1.4325,1.4014,1.2177,1.3441,1.517,90,103,108,78,98,0.932
dist_medium_impact,13.5472,477,15.6333,13.4078,13.3148,14.141,11.5612,90,103,108,78,98,16
dist_medium_impact_p90,0.7315,477,0.7013,0.7376,0.6708,0.7619,0.7958,90,103,108,78,98,1.065
dist_short_impact,15.4444,477,17.8667,15.8058,15.9352,15.3205,12.398,90,103,108,78,98,18
dist_short_impact_p90,0.8324,477,0.8027,0.8476,0.8218,0.8165,0.8679,90,103,108,78,98,1.198
dxt_gt_01_pct,4.8417,477,4.8722,5.0359,4.5815,4.7449,4.9735,90,103,108,78,98,4.4
dxt_p90,0.6332,477,0.6263,0.6994,0.6194,0.581,0.6266,90,103,108,78,98,0.203
eff_long_stratum_delta_pp,0.0004,313,0.2199,0.4118,-0.9294,0.4598,-0.2084,67,72,63,56,55,-0.69
eff_short_stratum_delta_pp,0.002,314,0.3219,0.4499,0.1073,-0.7668,-0.3138,67,72,64,56,55,3.08
eligible_for_rating,0.6918,477,0.7889,0.7282,0.6296,0.7308,0.602,90,103,108,78,98,True
eligible_minutes,0.7526,477,0.8111,0.7573,0.7315,0.8205,0.6633,90,103,108,78,98,True
eligible_passes,0.7484,477,0.8556,0.7961,0.6852,0.7564,0.6633,90,103,108,78,98,True
final_third_passes,10.887,477,10.9277,11.4843,10.1502,10.7257,11.1623,90,103,108,78,98,14.046
final_third_passes_p90,10.6528,477,10.9277,11.0756,9.6641,10.5792,11.1041,90,103,108,78,98,14.046
high_impact_accuracy_pct,96.8553,477,100.0,96.1165,94.4444,96.1538,97.9592,90,103,108,78,98,100.0
high_impact_attempted,14.2138,477,18.3667,13.7087,12.8704,15.2821,11.5612,90,103,108,78,98,8
high_impact_passes,14.2138,477,18.3667,13.7087,12.8704,15.2821,11.5612,90,103,108,78,98,8
impact_accuracy_pct,99.5807,477,100.0,100.0,99.0741,98.7179,100.0,90,103,108,78,98,100.0
impact_attempted,55.2851,477,65.8889,56.2816,52.5185,55.8462,47.102,90,103,108,78,98,48
impact_passes,55.2851,477,65.8889,56.2816,52.5185,55.8462,47.102,90,103,108,78,98,48
impact_passes_p90,2.7201,477,2.7714,2.5791,2.6366,2.7358,2.9007,90,103,108,78,98,2.729289940828403
impact_per_pass,0.1713,477,0.1719,0.1716,0.1692,0.1704,0.1732,90,103,108,78,98,0.1442
ip_dest_final_third_count,32.1149,470,37.1444,30.4851,33.1524,33.974,26.5464,90,101,105,77,97,34
ip_dest_final_third_p90,1.7068,470,1.7132,1.5993,1.6572,1.7791,1.809,90,101,105,77,97,2.2633136094674557
ip_dest_first_two_thirds_count,19.1489,470,21.9778,18.2772,19.419,20.1688,16.3299,90,101,105,77,97,7
ip_dest_first_two_thirds_p90,1.0248,470,1.0582,0.9964,1.0192,0.9922,1.0553,90,101,105,77,97,0.4659763313609468
key_passes,0.8582,477,0.8095,0.8697,0.8643,0.9107,0.8422,90,103,108,78,98,1.398
leth_grade_blend,6.8486,470,6.858,6.8521,6.8742,6.8499,6.8077,90,101,105,77,97,7.14
leth_grade_pass_pool,6.9001,314,6.8031,7.0326,6.9358,6.9198,6.7831,67,72,64,56,55,7.22
leth_grade_rel_pool,6.9,314,6.7972,7.0464,6.9281,6.9234,6.7773,67,72,64,56,55,7.29
leth_grade_threat,6.8445,470,6.8338,6.8249,6.875,6.8281,6.8547,90,101,105,77,97,7.22
leth_grade_threat_pool,6.9,314,6.8424,7.0315,6.8727,6.8845,6.8456,67,72,64,56,55,7.28
leth_grade_xpv,6.8527,470,6.8811,6.8797,6.8729,6.8721,6.7608,90,101,105,77,97,7.06
leth_grade_xpv_pool,6.9,314,6.7627,7.0351,6.9975,6.9548,6.7211,67,72,64,56,55,7.16
leth_impact_rate_pct,6.1387,470,6.0378,6.2535,6.1533,6.1182,6.1134,90,101,105,77,97,7.1
leth_xpv_per_pass,0.3424,466,0.3406,0.3478,0.3452,0.3456,0.3328,90,100,104,76,96,0.3551
leth_z_threat,0.0,470,-0.049,0.1023,0.0235,-0.0394,-0.0552,90,101,105,77,97,0.5394
leth_z_xpv,-0.0,470,-0.0449,0.1819,0.125,0.0493,-0.3222,90,101,105,77,97,-0.0151
long_ball_completion_pct,66.5677,477,66.3211,68.5039,65.3759,63.7654,68.3031,90,103,108,78,98,67.8
long_balls,6.5654,477,6.2392,6.7347,6.6264,6.1801,6.9265,90,103,108,78,98,3.928
long_balls_completed,81.4067,477,90.1778,83.0485,81.9722,78.5897,73.2449,90,103,108,78,98,40
long_impact_eff_pct,97.4843,477,100.0,97.0874,95.3704,96.1538,98.9796,90,103,108,78,98,100.0
long_impact_passes,21.1824,477,26.0444,21.932,18.463,21.5513,18.6327,90,103,108,78,98,10
long_impact_per_long_pass,0.247,477,0.2483,0.2448,0.246,0.2452,0.2504,90,103,108,78,98,0.2323
long_pass_share_pct,10.6926,470,10.0333,11.2802,11.119,10.1117,10.6918,90,101,105,77,97,7.7
long_pass_share_pctile,50.654,470,44.2967,57.5693,52.261,47.2455,50.3186,90,101,105,77,97,30.3
long_pass_share_peer_avg_pct,11.4,470,11.4,11.4,11.4,11.4,11.4,90,101,105,77,97,11.4
long_pass_share_peer_count,200.0,470,200.0,200.0,200.0,200.0,200.0,90,101,105,77,97,200
long_pass_share_peer_span_pp,5.0,470,5.0,5.0,5.0,5.0,5.0,90,101,105,77,97,5.0
long_pass_share_ref_avg_pct,11.4,470,11.4,11.4,11.4,11.4,11.4,90,101,105,77,97,11.4
long_pass_share_ref_count,200.0,470,200.0,200.0,200.0,200.0,200.0,90,101,105,77,97,200
long_pass_share_ref_span_pp,5.0,470,5.0,5.0,5.0,5.0,5.0,90,101,105,77,97,5.0
market_value_eur,16636813.1868,455,32970114.9425,11879797.9798,11600000.0,14064383.5616,13993085.1064,87,99,102,73,94,4000000
matches_played,29.7596,470,31.7556,32.2772,32.1905,28.3377,23.7835,90,101,105,77,97,35
midfield_offensive_origin_pct,53.5468,477,54.0767,54.4408,53.5556,54.5577,51.3061,90,103,108,78,98,69.1
minutes,1629.8029,477,1902.1889,1642.932,1634.1204,1685.4359,1316.8163,90,103,108,78,98,1352
minutes_pct,0.5101,477,0.5562,0.4804,0.4778,0.5794,0.4793,90,103,108,78,98,0.3953
pass_attempts,885.1159,466,1019.9556,875.81,861.9231,913.3947,771.1354,90,100,104,76,96,607
pass_buildup_display,6.0014,470,6.0665,6.1636,5.7059,5.9837,6.1059,90,101,105,77,97,6.695364238410596
pass_buildup_index,-0.0,470,0.0215,0.0501,-0.1158,-0.0163,0.0661,90,101,105,77,97,0.20393112885555573
pass_chance_creation_display,6.0001,470,6.0852,5.6856,5.8169,6.2825,6.2229,90,101,105,77,97,7.529801324503311
pass_chance_creation_index,-0.0,470,0.0469,-0.1795,-0.0873,0.1287,0.1356,90,101,105,77,97,0.5595325835388034
pass_completion_pct,83.2193,477,83.6889,84.0243,82.6556,81.2192,84.1551,90,103,108,78,98,85.8
pass_efficiency_display,6.0005,470,6.0993,6.1966,5.724,5.7383,6.2123,90,101,105,77,97,7.291390728476821
pass_efficiency_index,-0.004,470,0.0466,0.0874,-0.1228,-0.1487,0.0973,90,101,105,77,97,0.47536230819550546
pass_grade_expected,7.1658,314,7.1391,7.2339,7.1861,7.1598,7.0916,67,72,64,56,55,7.99
pass_grade_general,7.1663,314,7.1336,7.1928,7.1422,7.1404,7.2262,67,72,64,56,55,7.47
pass_grade_overall,6.9004,314,6.8716,6.92,6.8786,6.8868,6.9491,67,72,64,56,55,7.24
pass_grade_relative,7.1658,314,7.1391,7.2339,7.1861,7.1598,7.0916,67,72,64,56,55,7.99
pass_grade_relative_headline,6.9013,314,6.9782,6.9939,6.8783,6.7682,6.8485,67,72,64,56,55,8.0
pass_impact_display,6.0005,470,5.987,6.0519,5.6371,5.8343,6.4848,90,101,105,77,97,7.768211920529802
pass_impact_index,-0.0,470,-0.0225,0.0197,-0.18,-0.0668,0.2481,90,101,105,77,97,0.8245127019375381
pass_mean_distance,18.1223,470,17.8847,18.3137,18.402,17.8016,18.0953,90,101,105,77,97,15.914952727826867
pass_rating,0.5961,330,0.5873,0.6027,0.5841,0.5981,0.61,71,75,68,57,59,0.5373
pass_volume_display,6.0022,470,5.959,6.1986,5.7917,5.8567,6.1813,90,101,105,77,97,5.026490066225166
pass_volume_index,0.0,470,-0.0397,0.0694,-0.0906,-0.0692,0.1175,90,101,105,77,97,-0.48770001884453507
passes_completed,729.6164,477,858.0444,721.4757,700.9259,738.8333,644.5102,90,103,108,78,98,521
passes_final_third,255.8128,470,305.9889,260.0099,244.6667,257.4675,215.6392,90,101,105,77,97,274
passes_long,82.5064,470,90.1778,84.5545,84.1048,79.5325,73.8866,90,101,105,77,97,40
passes_pct_of_position,0.2733,477,0.3193,0.2731,0.2611,0.2799,0.2395,90,103,108,78,98,0.2148
passes_short,656.617,470,767.8667,649.396,634.2476,667.6623,576.3608,90,101,105,77,97,481
passes_to_box,0.9511,477,1.0143,0.8644,0.8805,1.0861,0.9544,90,103,108,78,98,1.464
passes_total,48.7388,477,47.8785,48.981,47.0597,48.7106,51.1471,90,103,108,78,98,40.407
phi_p90,0.743,477,0.7969,0.7102,0.6768,0.7853,0.7674,90,103,108,78,98,0.533
position_max_passes,2672.0692,477,2693.4,2655.9709,2679.1667,2640.8462,2686.4286,90,103,108,78,98,2425
position_min_minutes_pct,0.3021,477,0.3013,0.3027,0.3019,0.3033,0.3016,90,103,108,78,98,0.3113
position_min_passes,373.4069,477,378.32,369.699,375.0417,366.2154,376.7143,90,103,108,78,98,316.5
position_p25_passes,381.9046,477,382.8667,379.5796,386.75,374.6205,383.9224,90,103,108,78,98,324.2
positive_dxt_pct,4.8417,477,4.8722,5.0359,4.5815,4.7449,4.9735,90,103,108,78,98,4.4
prec_coe_per_pass,-0.1541,466,0.1954,0.1432,-0.4196,-1.1525,0.2865,90,100,104,76,96,2.28
prec_grade_blend,6.8566,470,6.9257,6.9125,6.831,6.7238,6.8673,90,101,105,77,97,7.61
prec_grade_geral,6.8461,470,6.8801,6.8531,6.8017,6.7901,6.8998,90,101,105,77,97,7.19
prec_grade_pass_pool,6.9,314,6.9485,6.9688,6.8752,6.7305,6.9524,67,72,64,56,55,7.32
prec_grade_stratum,6.8799,470,6.9864,6.968,6.8951,6.6682,6.8406,90,101,105,77,97,8.02
prec_grade_stratum_pool,6.9,314,6.9858,7.051,6.9064,6.7139,6.7798,67,72,64,56,55,7.9
prec_stratum_gap,0.0337,470,0.1063,0.115,0.0934,-0.1219,-0.0592,90,101,105,77,97,0.83
prec_stratum_gap_pool_mean,0.001,470,0.001,0.001,0.001,0.001,0.001,90,101,105,77,97,0.001
prec_stratum_gap_pool_p70,0.421,470,0.421,0.421,0.421,0.421,0.421,90,101,105,77,97,0.421
prec_stratum_lift_badge,0.2,470,0.2444,0.2475,0.2476,0.0779,0.1546,90,101,105,77,97,True
prec_z_coe_blend,-0.0,470,0.1163,0.1019,-0.0634,-0.3232,0.1112,90,101,105,77,97,0.8705
prec_z_coe_stratum,-0.0386,470,0.1302,0.0734,-0.0223,-0.3554,-0.0781,90,101,105,77,97,1.4593
prod_grade_blend,6.8465,470,6.8708,6.8757,6.8033,6.8343,6.8498,90,101,105,77,97,7.08
prod_grade_geral,6.8324,470,6.8614,6.8799,6.789,6.8114,6.8197,90,101,105,77,97,6.69
prod_grade_pass_pool,6.9,314,6.8782,6.9036,6.8386,6.8509,7.0433,67,72,64,56,55,6.75
prod_grade_rel,6.8781,470,6.8888,6.871,6.8489,6.8796,6.9062,90,101,105,77,97,7.46
prod_grade_rel_pool,6.9,314,6.9043,6.8922,6.8784,6.9077,6.9222,67,72,64,56,55,7.39
prod_ratio_r_d,0.1475,470,0.1433,0.188,0.1163,0.1113,0.1719,90,101,105,77,97,0.0917
prod_rel_gap,0.0457,470,0.0273,-0.0089,0.0599,0.0682,0.0865,90,101,105,77,97,0.77
prod_rel_gap_pool_mean,0.001,470,0.001,0.001,0.001,0.001,0.001,90,101,105,77,97,0.001
prod_rel_gap_pool_p70,0.471,470,0.471,0.471,0.471,0.471,0.471,90,101,105,77,97,0.471
prod_rel_lift_badge,0.2,470,0.2556,0.198,0.1333,0.2338,0.1959,90,101,105,77,97,True
prod_rel_xpv,-0.0,314,-0.0,0.0,0.0,-0.0001,-0.0001,67,72,64,56,55,0.696
prod_xpv_expected,14.6463,314,14.1036,14.3906,14.2955,14.6835,16.0123,67,72,64,56,55,11.618
prod_xpv_per_game,14.6463,314,14.1035,14.3906,14.2955,14.6834,16.0124,67,72,64,56,55,12.314
prod_z_geral,0.0,470,-0.0211,0.0349,-0.0918,-0.0423,0.1162,90,101,105,77,97,-0.2115
prod_z_rel,0.0,470,0.0148,0.1449,-0.1006,-0.1258,0.0442,90,101,105,77,97,-0.1812
progressive_passes,4.2406,477,4.1514,4.2579,4.1085,4.3112,4.3938,90,103,108,78,98,3.528
progressive_passes_p90,4.1774,477,4.1514,4.1257,4.0004,4.2819,4.3677,90,103,108,78,98,3.528
pv_abs_buildup_display,6.9045,314,6.839,6.9135,6.8559,6.9479,6.9847,67,72,64,56,55,7.11
pv_abs_buildup_index,-0.0,314,-0.0904,0.0151,-0.0298,0.0114,0.1135,67,72,64,56,55,0.184
pv_abs_chance_display,6.9011,314,6.8603,6.8122,6.8927,6.9643,7.0124,67,72,64,56,55,7.63
pv_abs_chance_index,0.0,314,-0.0645,-0.1076,-0.0102,0.0746,0.1554,67,72,64,56,55,1.1312
pv_abs_leth_index,0.0,314,-0.1533,0.2,0.0488,0.0235,-0.1558,67,72,64,56,55,0.5307
pv_abs_volume_display,6.9103,314,6.8636,6.9044,6.852,6.8568,7.0971,67,72,64,56,55,6.25
pv_abs_volume_index,-0.0,314,-0.0732,-0.0411,-0.0438,-0.0921,0.2877,67,72,64,56,55,-0.9172
pv_rel_buildup_display,6.9,314,6.7897,7.0072,6.9477,6.973,6.7642,67,72,64,56,55,7.81
pv_rel_buildup_index,-0.0,314,-0.1347,0.1295,0.0489,0.0916,-0.1556,67,72,64,56,55,1.1074
pv_rel_chance_display,6.9025,314,6.8666,6.8315,6.9512,6.9898,6.8935,67,72,64,56,55,8.08
pv_rel_chance_index,-0.0,314,-0.0606,-0.0634,0.063,0.1228,-0.0415,67,72,64,56,55,1.9435
pv_rel_leth_index,0.0,314,-0.2017,-0.1461,-0.0641,-0.1191,0.6329,67,72,64,56,55,0.2314
pv_rel_volume_display,6.9121,314,6.9599,6.9099,6.8411,6.8037,7.0498,67,72,64,56,55,5.88
pv_rel_volume_index,0.0,314,0.0606,-0.023,-0.0864,-0.1658,0.2256,67,72,64,56,55,-1.3696
rating_archetype_badge,0.0303,330,0.0423,0.0267,0.0147,0.0175,0.0508,71,75,68,57,59,False
rating_composite_z,0.0,330,-0.061,0.0297,-0.0926,0.0344,0.1091,71,75,68,57,59,-0.4605
rating_confidence,0.9733,330,0.9763,0.9779,0.968,0.9799,0.9633,71,75,68,57,59,0.9526
rating_is_solo,0.0,330,0.0,0.0,0.0,0.0,0.0,71,75,68,57,59,False
rating_pareto_badge,0.3667,330,0.3099,0.3867,0.3529,0.3333,0.4576,71,75,68,57,59,False
rating_pareto_dims,1.5091,330,1.4366,1.6,1.4265,1.3684,1.7119,71,75,68,57,59,0
rating_percentile,0.5,330,0.4694,0.527,0.4555,0.5079,0.5462,71,75,68,57,59,0.3102
rating_raw_display,5.947,330,5.8561,6.0144,5.8268,5.9747,6.0825,71,75,68,57,59,5.34
rating_uncertainty,0.0482,330,0.0427,0.0399,0.0575,0.0363,0.0661,71,75,68,57,59,0.09
risk_pass_pct,1.1388,477,1.0867,1.134,1.1519,1.1641,1.1571,90,103,108,78,98,0.5
risk_passes,10.5367,477,12.2,10.3883,10.0,11.3205,9.1327,90,103,108,78,98,3
risk_passes_p90,0.5547,477,0.5378,0.5453,0.5336,0.5505,0.6067,90,103,108,78,98,0.2
short_pass_share_pct,89.3074,470,89.9667,88.7198,88.881,89.8883,89.3082,90,101,105,77,97,92.3
special_cross,3.9191,470,5.5444,3.9406,3.581,4.2338,2.5052,90,101,105,77,97,8
special_cross_p90,0.198,470,0.2294,0.1862,0.1855,0.2359,0.1646,90,101,105,77,97,0.5325443786982249
special_diagonal_long,2.966,470,3.1556,2.9406,2.981,3.0779,2.7113,90,101,105,77,97,0
special_diagonal_long_p90,0.1584,470,0.1402,0.1571,0.165,0.153,0.174,90,101,105,77,97,0.0
special_final_third,255.8128,470,305.9889,260.0099,244.6667,257.4675,215.6392,90,101,105,77,97,274
special_final_third_p90,13.961,470,14.2425,14.4246,12.736,14.1416,14.3997,90,101,105,77,97,18.239644970414204
special_from_deep,1.8149,470,2.2778,1.4851,1.8762,1.9351,1.567,90,101,105,77,97,0
special_from_deep_p90,0.0942,470,0.1006,0.0764,0.0956,0.0964,0.1036,90,101,105,77,97,0.0
special_in_box,17.6085,470,23.0333,15.6535,16.1524,20.1169,14.1959,90,101,105,77,97,22
special_in_box_p90,0.9312,470,1.0144,0.8123,0.8391,1.1001,0.9437,90,101,105,77,97,1.4644970414201186
special_inversion,2.9915,470,3.2556,2.9901,2.9333,2.8052,2.9588,90,101,105,77,97,2
special_inversion_p90,0.1512,470,0.137,0.1607,0.143,0.1336,0.1774,90,101,105,77,97,0.13313609467455623
special_line_break,33.4191,470,36.9,33.6733,34.4952,35.7792,26.8866,90,101,105,77,97,33
special_line_break_p90,1.7721,470,1.7146,1.8024,1.725,1.8271,1.8012,90,101,105,77,97,2.196745562130178
special_progressive,79.6787,470,91.1778,79.1782,79.8571,84.7532,65.3093,90,101,105,77,97,53
special_progressive_p90,4.1931,470,4.1514,4.164,4.064,4.3152,4.3051,90,101,105,77,97,3.52810650887574
sum_dxt_passes,12.5861,477,13.9322,13.566,13.154,12.3018,9.9206,90,103,108,78,98,3.044
sum_xt_end_passes,327.9617,477,386.6428,327.3698,315.6941,332.2922,284.7658,90,103,108,78,98,259.819
team_long_balls_per_game,49.2699,310,45.2508,49.4347,50.3966,51.1354,50.6987,66,70,64,56,54,48.21
team_passes_per_game,378.5037,310,371.2939,367.7599,374.4275,383.0048,401.4061,66,70,64,56,54,430.55
test_impact_v2_attempt_coe_pct,-0.1311,470,0.0378,0.1624,-1.9724,-0.6519,1.8134,90,101,105,77,97,7.7
test_impact_v2_attempt_completion_pct,44.3417,470,44.4267,44.8644,42.1838,43.3416,46.8485,90,101,105,77,97,55.7
test_impact_v2_attempts,97.5426,470,112.4222,92.3069,98.419,108.6234,79.4433,90,101,105,77,97,61
test_impact_v2_count,23.5362,470,26.5889,22.2079,24.2286,24.8701,20.2784,90,101,105,77,97,21
test_impact_v2_p90,1.2666,470,1.2269,1.2083,1.2451,1.2836,1.3741,90,101,105,77,97,1.3979289940828403
test_impact_v2_p90_sub_display,6.0001,314,5.8595,5.6822,6.1227,6.0808,6.3625,67,72,64,56,55,6.647058823529411
test_impact_v2_p90_sub_index,88.2898,314,88.0299,71.5694,94.5625,85.875,105.6545,67,72,64,56,55,63.0
test_impact_v2_start_final_third_count,11.1511,470,12.9,10.1881,11.181,12.1558,9.701,90,101,105,77,97,15
test_impact_v2_start_final_third_p90,0.6063,470,0.5878,0.547,0.5645,0.6588,0.6889,90,101,105,77,97,0.9985207100591718
threat_final_third_p90,1.0848,470,1.0913,0.9952,1.0244,1.1633,1.1749,90,101,105,77,97,1.7973372781065091
threat_final_third_passes,20.3085,470,24.0111,18.7822,20.6381,21.5325,17.134,90,101,105,77,97,27
threat_from_deep_p90,0.0565,470,0.06,0.0456,0.0562,0.0576,0.064,90,101,105,77,97,0.0
threat_from_deep_passes,1.0957,470,1.3889,0.8713,1.1333,1.2078,0.9278,90,101,105,77,97,0
threat_in_box_p90,0.4307,470,0.4524,0.3685,0.3884,0.5034,0.4632,90,101,105,77,97,0.7988165680473374
threat_in_box_passes,8.017,470,10.1333,6.9208,7.781,9.1299,6.567,90,101,105,77,97,12
threat_pass_pct,6.1128,477,6.0378,6.2524,6.0815,6.0397,6.1276,90,103,108,78,98,7.1
threat_passes_p90,2.7316,470,2.7714,2.5957,2.6764,2.7713,2.8643,90,101,105,77,97,2.729289940828403
threat_passes_p90_sub_display,6.0002,314,5.891,5.8042,5.994,6.1363,6.2583,67,72,64,56,55,5.9411764705882355
threat_passes_p90_sub_index,88.293,314,89.1791,76.7361,90.1562,87.5714,100.9091,67,72,64,56,55,51.0
vol_long_team_share_pct,14.1726,310,14.5106,14.1071,13.8078,12.9589,15.5352,66,70,64,56,54,8.1
vol_passes_team_share_pct,13.2223,310,13.2939,13.1471,12.8547,13.0125,13.8852,66,70,64,56,54,9.4
xp_activity_display,6.9008,314,6.9049,6.8949,6.8845,6.9066,6.9165,67,72,64,56,55,7.08
xp_activity_index,88.2866,314,92.2388,83.3472,87.9375,75.5536,103.3091,67,72,64,56,55,39.0
xp_archetype_builder_display,6.0,470,5.9843,6.0427,6.1018,6.2413,5.6684,90,101,105,77,97,6.85430463576159
xp_archetype_creator_display,6.0,470,6.1044,5.7906,5.8429,6.0725,6.2338,90,101,105,77,97,8.364238410596027
xp_archetype_finisher_display,6.0011,470,6.357,5.5924,5.939,6.3275,5.9047,90,101,105,77,97,7.927152317880795
xp_archetype_progressor_display,6.0,470,6.0213,5.9496,5.9303,6.1913,5.9564,90,101,105,77,97,4.271523178807946
xp_badge_threat_earned,0.0127,314,0.0299,0.0139,0.0156,0.0,0.0,67,72,64,56,55,False
xp_box_share,0.0514,470,0.0554,0.0431,0.0483,0.0638,0.0498,90,101,105,77,97,0.08648875522562907
xp_builder_index,0.0,470,0.0286,-0.0001,0.0638,0.1009,-0.1756,90,101,105,77,97,0.27536382408638194
xp_consistency_display,6.0102,314,5.7893,6.1699,5.9244,6.2839,5.8916,67,72,64,56,55,7.0
xp_consistency_index,88.6083,314,88.4478,87.3889,86.0156,93.9286,88.0,67,72,64,56,55,69.0
xp_creator_index,-0.0,470,0.0656,-0.0996,-0.0666,0.0226,0.097,90,101,105,77,97,0.7523874706240262
xp_cross_total,3.048,470,4.3431,3.0613,2.7766,3.3017,1.925,90,101,105,77,97,6.389269643969347
xp_diagonal_long_total,2.4981,470,2.6517,2.4768,2.5241,2.6183,2.2541,90,101,105,77,97,0.0
xp_dist_index_long,0.0,328,-0.0199,-0.0873,-0.013,0.0702,0.1021,69,81,69,56,53,-0.3247995886965079
xp_dist_index_long_eligible,0.6979,470,0.7667,0.802,0.6571,0.7273,0.5464,90,101,105,77,97,True
xp_dist_index_long_min_passes,41.3434,470,42.3533,40.5792,41.8448,39.7026,41.9619,90,101,105,77,97,29.299999999999997
xp_dist_index_mean,-0.023,357,-0.0604,-0.0833,0.0258,0.093,-0.0674,75,84,77,59,62,-0.11746231943103912
xp_dist_index_short,0.0,329,-0.0442,-0.047,0.1378,0.1133,-0.1502,70,77,67,56,59,0.08987494983442965
xp_dist_index_short_eligible,0.7,470,0.7778,0.7624,0.6381,0.7273,0.6082,90,101,105,77,97,True
xp_dist_index_short_min_passes,375.9651,470,378.8133,373.8099,377.379,371.3377,377.7093,90,101,105,77,97,342.0
xp_edge_display,47.9691,314,43.5716,44.9667,46.5438,45.4857,61.4436,67,72,64,56,55,52.5
xp_edge_index,-0.0,314,-0.0911,0.1742,0.0496,0.004,-0.1789,67,72,64,56,55,0.18391246359256633
xp_efficiency_display,6.9009,314,6.9476,6.9853,6.9055,6.7966,6.8342,67,72,64,56,55,7.61
xp_efficiency_display_base,6.0006,314,6.1486,6.1583,5.9227,5.5591,6.1542,67,72,64,56,55,7.0588235294117645
xp_efficiency_index,6.0005,314,6.1344,6.2037,5.8944,5.6423,6.0594,67,72,64,56,55,7.3235
xp_final_third_share,0.4427,470,0.4514,0.4417,0.4294,0.4562,0.4392,90,101,105,77,97,0.6399946759895516
xp_finisher_pass_index,-0.0,470,0.2456,-0.1917,-0.0715,0.1553,-0.0742,90,101,105,77,97,0.5989655444335814
xp_from_deep,1.6186,470,2.0335,1.3247,1.6766,1.7204,1.3964,90,101,105,77,97,0.0
xp_from_deep_share,0.0062,470,0.0064,0.0049,0.0062,0.0069,0.0068,90,101,105,77,97,0.0
xp_game_grade_mad,0.5878,469,0.6359,0.5903,0.5722,0.5764,0.5668,90,100,105,77,97,0.54
xp_game_grade_mean,5.9042,469,5.9256,5.9173,5.9161,5.8905,5.869,90,100,105,77,97,5.76
xp_game_mean,9.5038,470,10.0915,9.4248,9.1466,9.5965,9.3541,90,101,105,77,97,7.399260180547506
xp_games_above_median_pct,0.4889,470,0.4903,0.4899,0.4907,0.489,0.4843,90,101,105,77,97,0.48
xp_idx_consistency,-0.0,314,-0.163,0.0808,-0.0177,0.1618,-0.0515,67,72,64,56,55,0.5108110911133898
xp_inversion_total,1.873,470,2.0736,1.9341,1.723,1.7919,1.85,90,101,105,77,97,1.5343455720247983
xp_line_break_total,23.904,470,26.5017,23.991,24.6441,25.5578,19.2891,90,101,105,77,97,24.011573295457996
xp_m4_mean_long,0.5465,470,0.5513,0.552,0.5305,0.5535,0.5481,90,101,105,77,97,0.5573469430005865
xp_m4_mean_short,0.3175,470,0.3165,0.322,0.3211,0.3218,0.3067,90,101,105,77,97,0.3382279143319421
xp_m4_p90,0.6771,470,0.6738,0.6805,0.6745,0.6849,0.6734,90,101,105,77,97,0.7012926421938216
xp_m4_per_pass,0.3423,470,0.3406,0.348,0.3447,0.3454,0.3327,90,101,105,77,97,0.3550508723871164
xp_m4_per_pass_final_third,0.4335,470,0.4305,0.4339,0.4339,0.4332,0.4359,90,101,105,77,97,0.4320699928660486
xp_m4_per_pass_long,0.5465,470,0.5513,0.552,0.5305,0.5535,0.5481,90,101,105,77,97,0.5573469430005865
xp_m4_per_pass_short,0.3175,470,0.3165,0.322,0.3211,0.3218,0.3067,90,101,105,77,97,0.3382279143319421
xp_m4_per_threat_pass,0.7537,470,0.752,0.7547,0.7534,0.7554,0.7529,90,101,105,77,97,0.7648293268732099
xp_m4_per_threat_pass_sub_display,6.0,314,5.7989,6.2203,6.1574,5.977,5.797,67,72,64,56,55,6.529411764705882
xp_m4_per_threat_pass_sub_index,88.2866,314,85.9701,88.9306,95.0469,85.3214,85.4182,67,72,64,56,55,61.0
xp_m4_threat_long,6.1383,470,6.8444,5.7723,6.3619,6.4935,5.3402,90,101,105,77,97,3
xp_m4_threat_long_p90,0.3216,470,0.308,0.3043,0.3259,0.3251,0.3447,90,101,105,77,97,0.19970414201183434
xp_m4_threat_passes,51.2638,470,59.1222,48.7624,52.5714,54.1429,42.8763,90,101,105,77,97,41
xp_m4_threat_passes_p90,2.0602,470,2.0888,1.9592,2.0188,2.093,2.1578,90,101,105,77,97,2.08744098828561
xp_m4_threat_rate,0.0689,470,0.0691,0.0649,0.0707,0.073,0.0676,90,101,105,77,97,0.07869481765834933
xp_m4_threat_rate_long,0.0779,470,0.0752,0.0712,0.0782,0.0896,0.0776,90,101,105,77,97,0.075
xp_m4_threat_rate_short,0.0682,470,0.0686,0.0646,0.0701,0.0716,0.0667,90,101,105,77,97,0.079002079002079
xp_m4_threat_short,45.1255,470,52.2778,42.9901,46.2095,47.6494,37.5361,90,101,105,77,97,38
xp_m4_threat_short_p90,2.41,470,2.4634,2.2914,2.3505,2.4462,2.5196,90,101,105,77,97,2.5295857988165684
xp_m4_threat_xp_total,38.7084,470,44.5733,36.8984,39.7503,40.8775,32.3016,90,101,105,77,97,31.358002401801606
xp_m4_total,256.4355,470,294.6787,258.2901,253.8231,260.4366,218.6729,90,101,105,77,97,184.98150451368764
xp_m4_total_long,45.4727,470,50.5454,46.9534,45.3875,43.7388,40.6931,90,101,105,77,97,22.29387772002346
xp_m4_total_short,210.9628,470,244.1333,211.3367,208.4357,216.6978,177.9798,90,101,105,77,97,162.68762679366415
xp_max_pass,0.9102,470,0.9126,0.9101,0.9089,0.9114,0.9085,90,101,105,77,97,0.9108453018146216
xp_pass_cv,0.6812,470,0.6825,0.6676,0.6736,0.6746,0.7078,90,101,105,77,97,0.6378928040001842
xp_pass_rating,0.6893,470,0.6903,0.696,0.6878,0.6821,0.6886,90,101,105,77,97,0.7085
xp_pass_rating_composite_z,0.0,470,0.0073,0.0922,-0.0179,-0.0998,-0.0042,90,101,105,77,97,0.2631
xp_pass_rating_confidence,0.9238,470,0.9633,0.9374,0.9261,0.9284,0.8667,90,101,105,77,97,1.0
xp_pass_rating_percentile_display,6.8934,470,6.9037,6.9599,6.8779,6.8201,6.8894,90,101,105,77,97,7.08
xp_pass_rating_raw_display,6.8934,470,6.9037,6.9599,6.8779,6.8201,6.8894,90,101,105,77,97,7.08
xp_pass_rating_uncertainty,0.0301,470,0.0144,0.0247,0.0295,0.0284,0.0525,90,101,105,77,97,0.0
xp_pass_std,0.2318,470,0.2313,0.2312,0.2309,0.2319,0.234,90,101,105,77,97,0.22648439654972927
xp_per_90,13.8724,470,13.8392,14.2176,13.1743,13.744,14.4015,90,101,105,77,97,12.313857548988084
xp_per_90_sub_display,6.0,314,5.9888,6.0108,5.9103,5.7816,6.3263,67,72,64,56,55,5.235294117647059
xp_per_90_sub_index,88.2866,314,92.2388,83.3472,87.9375,75.5536,103.3091,67,72,64,56,55,39.0
xp_profile_bars_eligible,0.6681,470,0.7444,0.7129,0.6095,0.7273,0.567,90,101,105,77,97,True
xp_profile_min_minutes_pct,0.3,470,0.3,0.3,0.3,0.3,0.3,90,101,105,77,97,0.3
xp_profile_min_passes,417.5621,470,421.7267,414.4109,419.6295,410.7961,420.1124,90,101,105,77,97,367.9
xp_profile_p30_min_passes,417.5621,470,421.7267,414.4109,419.6295,410.7961,420.1124,90,101,105,77,97,367.9
xp_progressor_index,-0.0,470,0.03,-0.0307,-0.0418,0.1047,-0.0337,90,101,105,77,97,-0.5071523692498566
xp_quality_display,6.0,314,5.8653,6.1474,5.9442,5.9543,6.0825,67,72,64,56,55,6.588235294117647
xp_quality_index,88.2866,314,89.9701,86.7778,85.7656,85.2857,94.2,67,72,64,56,55,62.0
xp_residual_mean,0.0068,470,0.0071,0.0053,0.0065,0.0082,0.0074,90,101,105,77,97,0.014029810841173858
xp_residual_median,-0.004,470,-0.0037,-0.004,-0.0044,-0.004,-0.004,90,101,105,77,97,-0.0009889503211984452
xp_residual_median_sub_display,6.0,314,5.8653,6.1474,5.9442,5.9543,6.0825,67,72,64,56,55,6.588235294117647
xp_residual_median_sub_index,88.2866,314,89.9701,86.7778,85.7656,85.2857,94.2,67,72,64,56,55,62.0
xp_residual_negative,-0.036,470,-0.0358,-0.0365,-0.0365,-0.0361,-0.0348,90,101,105,77,97,-0.033850414614321866
xp_residual_positive,0.0428,470,0.0429,0.0418,0.043,0.0444,0.0422,90,101,105,77,97,0.04788022545549572
xp_surprise_rate,0.4782,470,0.4794,0.4791,0.4771,0.4778,0.4776,90,101,105,77,97,0.491362763915547
xp_threat_conversion,0.2746,470,0.2757,0.2589,0.282,0.2908,0.2693,90,101,105,77,97,0.31297709923664124
xp_threat_mean_residual,0.2395,470,0.2389,0.2395,0.2389,0.2405,0.2397,90,101,105,77,97,0.22755087476052524
xp_threat_mean_xp,0.7537,470,0.752,0.7547,0.7534,0.7554,0.7529,90,101,105,77,97,0.7648293268732099
xpass_coe_high_pct,-1.3124,434,-1.5218,-1.7449,-1.9513,-0.4469,-0.6433,85,94,97,75,83,1.07
xpass_coe_pct,-0.2155,466,0.1694,0.0883,-0.4656,-1.3375,0.2661,90,100,104,76,96,2.51
xpass_coe_stratum_star,0.2574,470,0.3,0.3069,0.2571,0.1688,0.2371,90,101,105,77,97,True
xpass_expected_pct,83.3782,466,83.5183,83.8549,83.2063,82.1917,83.8755,90,100,104,76,96,83.61
xpass_hard_coe_pct,-1.3113,447,-1.1652,-1.4461,-2.3381,-1.1389,-0.2634,87,97,101,75,87,0.81
xpass_high_difficulty_p90,2.8077,466,3.0833,2.525,2.7305,3.1535,2.6535,90,100,104,76,96,2.2
xpass_long_coe_pct,-0.0823,436,0.2136,0.2401,-0.7174,-0.0511,-0.0519,86,95,96,74,85,-0.51
xpass_long_coe_stratum_star,0.2383,470,0.2556,0.2475,0.1905,0.2857,0.2268,90,101,105,77,97,False
xpass_residual_p90,0.202,466,0.2774,0.27,0.1316,-0.019,0.3114,90,100,104,76,96,0.539
xpass_total_coe_pct,-0.185,466,0.1678,0.1262,-0.4686,-1.1355,0.2197,90,100,104,76,96,2.22
xpv_per_pass,0.3424,466,0.3406,0.3478,0.3452,0.3456,0.3328,90,100,104,76,96,0.3551
xpv_per_pass_sub_display,6.0033,314,5.648,6.2833,6.2648,6.1391,5.6271,67,72,64,56,55,5.882352941176471
xpv_per_pass_sub_index,88.3854,314,82.806,89.1806,98.625,88.5,82.1091,67,72,64,56,55,50.0
