Player,Team,League,Cur_Abs,New_Abs_6avg,Delta_Abs,Cur_Rel,New_Rel_6avg,Delta_Rel,Cur_Overall_2avg,New_Overall_6avg,Abs_Prod,Abs_Prec,Abs_Vol,Abs_Eff,Abs_Build,Abs_Chance,Rel_Prod,Rel_Prec,Rel_Vol,Rel_Eff,Rel_Build,Rel_Chance
Marten de Roon,Atalanta,Serie A,7.62,7.54,-0.08,7.08,7.06,-0.02,7.35,7.3,7.93,7.32,7.96,7.08,7.96,7.0,7.22,6.91,7.5,6.49,7.53,6.71
Lucas Gourna-Douath,Le Havre,Ligue 1,7.0,6.96,-0.04,7.29,7.14,-0.15,7.14,7.05,7.04,6.97,7.16,7.19,6.9,6.48,7.45,7.04,7.96,7.2,6.72,6.5
André,Wolverhampton,Premier League,7.65,7.17,-0.48,7.67,7.23,-0.44,7.66,7.2,7.03,8.27,6.96,7.85,6.65,6.26,6.83,8.5,7.91,7.83,6.15,6.18
Máximo Perrone,Como,Serie A,7.83,7.63,-0.2,7.27,6.96,-0.31,7.55,7.29,8.01,7.66,7.69,7.75,7.41,7.26,7.33,7.11,7.28,7.19,6.23,6.61
Adam Wharton,Crystal Palace,Premier League,6.71,7.19,0.48,7.13,7.36,0.23,6.92,7.28,7.1,6.32,7.35,6.83,7.71,7.83,8.1,6.03,7.44,6.73,7.89,7.94
Ísak Bergmann Jóhannesson,1. FC Köln,Bundesliga,6.96,7.02,0.06,7.57,7.33,-0.24,7.27,7.17,6.76,7.16,6.94,6.96,6.98,7.32,8.0,6.81,6.98,7.02,7.59,7.58
Hugo Sotelo,Celta Vigo,La Liga,7.95,7.66,-0.29,8.2,7.44,-0.76,8.07,7.55,7.92,7.98,7.5,7.99,7.82,6.72,8.35,7.76,7.41,7.52,7.69,5.89
Bilal El Khannouss,VfB Stuttgart,Bundesliga,6.92,7.14,0.22,6.61,6.98,0.37,6.77,7.06,7.29,6.55,7.11,6.35,7.46,8.11,7.13,6.08,6.58,6.28,7.76,8.05
Valentín Barco,RC Strasbourg,Ligue 1,7.6,7.78,0.18,6.14,6.91,0.77,6.87,7.35,7.6,7.6,8.04,7.61,7.84,7.97,5.09,7.01,7.67,7.06,7.11,7.54
Hakon Arnar Haraldsson,Lille,Ligue 1,6.94,7.11,0.17,7.0,7.06,0.06,6.97,7.08,7.07,6.8,6.85,7.0,7.24,7.67,7.26,6.63,6.67,6.96,7.26,7.6
Mateus Fernandes,West Ham United,Premier League,7.46,7.49,0.03,7.42,7.57,0.15,7.44,7.53,7.19,7.72,7.48,7.82,7.32,7.43,6.8,7.87,8.59,7.91,6.97,7.27
Kévin Danois,Auxerre,Ligue 1,7.15,7.26,0.11,6.52,6.98,0.46,6.83,7.12,7.36,6.94,7.57,7.1,7.54,7.05,6.9,6.14,8.59,6.48,7.25,6.49
Granit Xhaka,Sunderland,Premier League,7.37,7.56,0.19,6.67,7.15,0.48,7.02,7.36,7.72,7.01,7.93,7.21,7.89,7.61,7.2,6.14,7.8,6.65,7.78,7.32
Lamine Camara,AS Monaco,Ligue 1,7.22,7.32,0.1,6.63,6.95,0.32,6.92,7.13,7.56,6.89,7.82,6.79,7.73,7.1,7.09,6.18,8.59,6.2,7.19,6.46
Miguel Román,Celta Vigo,La Liga,7.33,7.13,-0.2,8.0,7.21,-0.79,7.67,7.17,7.56,7.11,7.24,7.15,7.25,6.45,8.0,7.5,7.21,7.18,7.21,6.16
Maximilian Arnold,VfL Wolfsburg,Bundesliga,7.46,7.41,-0.05,7.16,7.18,0.02,7.31,7.29,7.5,7.42,7.76,7.53,7.17,7.07,6.92,7.23,7.54,7.65,6.85,6.88
Leon Avdullahu,TSG Hoffenheim,Bundesliga,7.87,7.77,-0.1,7.8,7.41,-0.39,7.83,7.59,7.83,7.9,8.02,7.93,7.86,7.06,7.56,7.71,7.57,7.41,7.69,6.52
Moi Gómez,Osasuna,La Liga,7.54,7.42,-0.12,8.3,7.8,-0.5,7.92,7.61,7.34,7.74,7.1,7.91,7.43,6.99,8.16,8.0,7.02,8.07,8.29,7.28
Pierre-Emile Højbjerg,Olympique de Marseille,Ligue 1,8.05,7.84,-0.21,7.78,7.19,-0.59,7.92,7.52,8.22,7.89,7.94,7.45,8.07,7.46,7.75,7.38,7.76,6.91,6.9,6.42
Branco Van den Boomen,Angers,Ligue 1,7.65,7.72,0.07,7.29,7.28,-0.01,7.47,7.5,7.75,7.56,7.99,7.73,7.9,7.38,7.71,6.64,7.77,7.17,7.81,6.57
Aleix Febas,Elche,La Liga,7.63,7.6,-0.03,6.72,7.03,0.31,7.17,7.31,7.87,7.39,7.34,7.89,7.8,7.34,6.52,6.9,7.19,7.29,7.24,7.03
Laurent Abergel,Lorient,Ligue 1,7.7,7.6,-0.1,6.33,6.71,0.38,7.02,7.15,7.7,7.7,8.09,7.88,7.52,6.71,5.7,6.97,7.69,7.28,6.52,6.1
Nadiem Amiri,1. FSV Mainz 05,Bundesliga,7.5,7.68,0.18,7.33,7.71,0.38,7.42,7.7,7.67,7.32,7.58,7.4,8.0,8.14,7.69,6.79,7.55,7.48,8.49,8.25
Maxime López,Paris FC,Ligue 1,7.97,8.05,0.08,6.7,7.07,0.37,7.33,7.56,7.97,7.97,8.59,8.05,7.91,7.82,5.92,7.47,7.86,7.49,6.89,6.77
Sofyan Amrabat,Real Betis,La Liga,7.62,7.31,-0.31,6.63,6.58,-0.05,7.12,6.95,7.82,7.42,7.83,7.42,7.18,6.21,6.15,7.1,7.11,6.87,6.2,6.07
Nabil Bentaleb,Lille,Ligue 1,7.2,7.15,-0.05,8.0,7.42,-0.58,7.6,7.29,6.97,7.43,7.2,7.49,7.25,6.56,7.73,7.68,7.01,7.58,7.62,6.89
Nemanja Matić,Sassuolo,Serie A,7.44,7.36,-0.08,6.45,6.9,0.45,6.95,7.13,7.47,7.41,7.73,7.32,7.6,6.61,5.95,6.95,8.59,6.75,7.07,6.11
Pascal Groß,Brighton & Hove Albion,Premier League,7.42,7.62,0.2,6.22,6.97,0.75,6.82,7.29,7.57,7.27,7.67,7.46,7.66,8.09,6.01,6.44,7.48,6.9,7.04,7.93
Benjamin André,Lille,Ligue 1,7.01,7.22,0.21,6.25,6.64,0.39,6.63,6.93,7.65,6.37,7.61,6.65,7.69,7.37,6.89,5.62,7.32,6.06,7.11,6.87
Valentin Rongier,Stade Rennais,Ligue 1,7.82,7.79,-0.03,6.54,6.93,0.39,7.18,7.36,7.89,7.75,7.77,7.57,8.16,7.62,5.85,7.22,7.52,7.03,7.24,6.73
Aleix García,Bayer 04 Leverkusen,Bundesliga,8.16,8.31,0.15,7.17,7.28,0.11,7.67,7.79,8.23,8.08,8.59,8.59,8.59,7.78,6.59,7.64,7.94,7.94,6.88,6.69
Nikola Moro,Bologna,Serie A,7.25,7.33,0.08,6.99,7.06,0.07,7.12,7.2,7.54,6.96,7.81,7.18,7.6,6.9,8.15,5.82,7.63,6.56,7.48,6.7
Pablo Fornals,Real Betis,La Liga,7.64,7.67,0.03,7.04,7.14,0.1,7.34,7.4,7.78,7.5,7.6,7.63,7.83,7.69,6.93,7.05,6.91,7.1,7.68,7.2
Exequiel Palacios,Bayer 04 Leverkusen,Bundesliga,8.03,7.85,-0.18,8.16,7.49,-0.67,8.09,7.67,8.08,7.98,7.57,7.7,8.11,7.64,8.05,7.86,7.17,7.3,7.33,7.23
Senne Lynen,SV Werder Bremen,Bundesliga,7.59,7.49,-0.1,6.88,7.0,0.12,7.23,7.25,7.72,7.46,7.84,7.41,7.64,6.88,6.81,6.84,7.78,6.85,6.97,6.72
Bruno Guimarães,Newcastle United,Premier League,7.61,7.72,0.11,7.69,7.67,-0.02,7.65,7.7,7.76,7.45,7.72,7.35,8.02,8.04,8.2,6.92,8.0,6.8,8.07,8.02
Nicolò Fagioli,Fiorentina,Serie A,7.73,7.78,0.05,7.25,7.33,0.08,7.49,7.55,7.66,7.81,7.89,7.78,7.61,7.94,7.36,7.09,7.85,7.24,7.06,7.41
Angelo Stiller,VfB Stuttgart,Bundesliga,7.76,7.95,0.19,7.38,7.35,-0.03,7.57,7.65,7.9,7.62,7.97,7.9,8.25,8.07,7.59,7.04,7.35,7.31,7.61,7.18
Lucas Da Cunha,Como,Serie A,7.62,7.56,-0.06,6.62,6.84,0.22,7.12,7.2,7.71,7.54,7.68,7.48,7.52,7.41,6.13,7.1,7.29,6.92,6.7,6.89
Pathé Ismaël Ciss,Rayo Vallecano,La Liga,7.6,7.28,-0.32,7.15,6.94,-0.21,7.38,7.11,7.42,7.78,7.5,8.0,7.24,5.75,6.38,7.78,7.16,8.09,7.03,5.21
James Garner,Everton,Premier League,7.4,7.49,0.09,6.54,6.99,0.45,6.97,7.24,7.4,7.4,7.55,7.55,7.55,7.5,6.45,6.63,7.53,7.0,7.15,7.17
Iñigo Ruiz de Galarreta,Athletic Club,La Liga,6.84,7.05,0.21,7.06,7.24,0.18,6.95,7.14,7.47,6.21,7.32,6.12,7.5,7.7,7.76,6.21,7.68,5.96,7.99,7.82
Tyler Morton,Olympique Lyonnais,Ligue 1,7.33,7.45,0.12,6.54,6.88,0.34,6.94,7.17,7.47,7.19,7.86,7.38,7.41,7.37,6.65,6.44,7.46,6.82,6.7,7.2
Azzedine Ounahi,Girona FC,La Liga,7.25,7.58,0.33,7.3,7.64,0.34,7.28,7.61,7.53,6.96,7.09,7.56,7.78,8.59,7.48,7.03,6.77,7.66,8.34,8.59
Elliot Anderson,Nottingham Forest,Premier League,7.78,7.84,0.06,6.42,7.0,0.58,7.1,7.42,8.27,7.29,8.59,7.09,8.22,7.6,6.17,6.68,7.99,6.49,7.67,7.0
